<?xml version="1.0" encoding="UTF-8" ?>
<XMLDB PATH="local/recitdashboard/db" VERSION="20190416" COMMENT="XMLDB file for Moodle recitdashboard"
    xmlns:xsi="http://www.w3.org/2001/XMLSchema-instance"
    xsi:noNamespaceSchemaLocation="../../../../lib/xmldb/xmldb.xsd"
>
  <TABLES>
    <TABLE NAME="local_recitdashboard_options" COMMENT="Store user options">
      <FIELDS>
        <FIELD NAME="id" TYPE="int" LENGTH="10" NOTNULL="true" SEQUENCE="true"/>
        <FIELD NAME="userid" TYPE="int" LENGTH="10" NOTNULL="true" SEQUENCE="false"/>
        <FIELD NAME="name" TYPE="char" LENGTH="40" NOTNULL="true" SEQUENCE="false" />
        <FIELD NAME="value" TYPE="text" NOTNULL="true" SEQUENCE="false"/>
      </FIELDS>
      <KEYS>
        <KEY NAME="primary" TYPE="primary" FIELDS="id"/>
        <KEY NAME="unique_option" TYPE="unique" FIELDS="userid,name"/>
      </KEYS>
    </TABLE>
  </TABLES>
</XMLDB>